pid,memory_percent,name,num_threads,cpu_percent,cpu_times,gids,status,io_counters,nice,memory_info,num_ctx_switches,ionice,num_fds,cpu_affinity,memory_swap,tcp,udp,extended_stats,key,time_since_update,cmdline,username,iteration&time
21450,0.908358296552618,python,1,6.8,"[3.77, 1.22, 0.0, 0.0, 0.0]","[1000, 1000, 1000]",S,"[0, 0, 0, 0, 1]",0,"[74932224, 428417024, 25632768, 1728512, 0, 312139776, 0]","[7920, 11]","[0, 4]",7.0,"[0, 1, 2, 3, 4, 5, 6, 7]",0.0,1.0,0.0,True,pid,2.3413100242614746,"['python', 'psaz_collect.py', 'config.yaml']",aman,1:1667388487.3946123
21215,0.3967302279138197,glances,1,3.4,"[1.8, 0.58, 0.0, 0.01, 0.12]","[1000, 1000, 1000]",R,"[8032256, 8192, 8032256, 8192, 1]",0,"[32727040, 192454656, 9289728, 1728512, 0, 40476672, 0]",,,,,,,,,pid,2.3413100242614746,"['/home/aman/miniconda3/envs/srini/bin/python', '/home/aman/miniconda3/envs/srini/bin/glances', '-w', '--disable-webui']",aman,1:1667388487.3946123
21115,0.9811501005728507,node,12,0.0,"[2.16, 0.64, 0.14, 1.29, 0.0]","[1000, 1000, 1000]",S,"[0, 16384, 0, 16384, 1]",0,"[80936960, 840970240, 37306368, 70565888, 0, 126402560, 0]",,,,,,,,,pid,2.3413100242614746,"['/home/aman/.vscode-server/bin/d045a5eda657f4d7b676dedbfa7aab8207f8a075/node', '/home/aman/.vscode-server/bin/d045a5eda657f4d7b676dedbfa7aab8207f8a075/out/bootstrap-fork', '--type=extensionHost', '--transformURIs', '--useHostProxy=true']",aman,1:1667388487.3946123
21030,0.8778711426178137,node,11,0.0,"[4.11, 2.33, 1.15, 0.62, 0.0]","[1000, 1000, 1000]",S,"[4096, 45056, 4096, 45056, 1]",0,"[72417280, 956350464, 35475456, 70565888, 0, 110661632, 0]",,,,,,,,,pid,2.3413100242614746,"['/home/aman/.vscode-server/bin/d045a5eda657f4d7b676dedbfa7aab8207f8a075/node', '/home/aman/.vscode-server/bin/d045a5eda657f4d7b676dedbfa7aab8207f8a075/out/server-main.js', '--host=127.0.0.1', '--port=0', '--connection-token=3647676808-3054417961-232110392-2849842855', '--use-host-proxy', '--without-browser-env-var', '--disable-websocket-compression', '--accept-server-license-terms', '--telemetry-level=all']",aman,1:1667388487.3946123
21050,0.6356124715300132,node,13,0.0,"[0.71, 0.55, 0.55, 0.09, 0.0]","[1000, 1000, 1000]",S,"[0, 0, 0, 0, 1]",0,"[52432896, 660967424, 33124352, 70565888, 0, 110223360, 0]",,,,,,,,,pid,2.3413100242614746,"['/home/aman/.vscode-server/bin/d045a5eda657f4d7b676dedbfa7aab8207f8a075/node', '/home/aman/.vscode-server/bin/d045a5eda657f4d7b676dedbfa7aab8207f8a075/out/bootstrap-fork', '--type=ptyHost', '--logsPath', '/home/aman/.vscode-server/data/logs/20221102T165538']",aman,1:1667388487.3946123
21085,0.5314397533619039,node,13,0.0,"[0.38, 1.16, 0.0, 0.0, 0.0]","[1000, 1000, 1000]",S,"[4096, 0, 4096, 0, 1]",0,"[43839488, 855556096, 32415744, 70565888, 0, 103956480, 0]",,,,,,,,,pid,2.3413100242614746,"['/home/aman/.vscode-server/bin/d045a5eda657f4d7b676dedbfa7aab8207f8a075/node', '/home/aman/.vscode-server/bin/d045a5eda657f4d7b676dedbfa7aab8207f8a075/out/bootstrap-fork', '--type=fileWatcher']",aman,1:1667388487.3946123
21043,0.47562939339004734,node,7,0.0,"[0.3, 0.14, 0.0, 0.0, 0.0]","[1000, 1000, 1000]",S,"[0, 0, 0, 0, 1]",0,"[39235584, 600866816, 28409856, 70565888, 0, 54177792, 0]",,,,,,,,,pid,2.3413100242614746,"['/home/aman/.vscode-server/bin/d045a5eda657f4d7b676dedbfa7aab8207f8a075/node', '-e', "" const net = require('net'); process.stdin.pause(); const client = net.createConnection({ host: '127.0.0.1', port: 38237 }, () => { client.pipe(process.stdout); process.stdin.pipe(client); }); client.on('close', function (hadError) { console.error(hadError ? 'Remote close with error' : 'Remote close'); process.exit(hadError ? 1 : 0); }); client.on('error', function (err) { process.stderr.write(err && (err.stack || err.message) || String(err)); });""]",aman,1:1667388487.3946123
21078,0.42557882145799103,node,7,0.0,"[0.21, 0.23, 0.0, 0.0, 0.0]","[1000, 1000, 1000]",S,"[0, 0, 0, 0, 1]",0,"[35106816, 530186240, 26779648, 70565888, 0, 51519488, 0]",,,,,,,,,pid,2.3413100242614746,"['/home/aman/.vscode-server/bin/d045a5eda657f4d7b676dedbfa7aab8207f8a075/node', '-e', "" const net = require('net'); process.stdin.pause(); const client = net.createConnection({ host: '127.0.0.1', port: 38237 }, () => { client.pipe(process.stdout); process.stdin.pipe(client); }); client.on('close', function (hadError) { console.error(hadError ? 'Remote close with error' : 'Remote close'); process.exit(hadError ? 1 : 0); }); client.on('error', function (err) { process.stderr.write(err && (err.stack || err.message) || String(err)); });""]",aman,1:1667388487.3946123
21246,0.06708166932560329,bash,1,0.0,"[0.04, 0.03, 1.95, 0.79, 0.0]","[1000, 1000, 1000]",S,"[16642048, 0, 16642048, 0, 1]",0,"[5533696, 10407936, 3641344, 724992, 0, 1937408, 0]",,,,,,,,,pid,2.3413100242614746,"['/usr/bin/bash', '--init-file', '/home/aman/.vscode-server/bin/d045a5eda657f4d7b676dedbfa7aab8207f8a075/out/vs/workbench/contrib/terminal/browser/media/shellIntegration-bash.sh']",aman,1:1667388487.3946123
21141,0.06474796210258082,bash,1,0.0,"[0.03, 0.01, 0.94, 0.07, 0.0]","[1000, 1000, 1000]",S,"[0, 0, 0, 0, 1]",0,"[5341184, 10272768, 3547136, 724992, 0, 1802240, 0]",,,,,,,,,pid,2.3413100242614746,"['/usr/bin/bash', '--init-file', '/home/aman/.vscode-server/bin/d045a5eda657f4d7b676dedbfa7aab8207f8a075/out/vs/workbench/contrib/terminal/browser/media/shellIntegration-bash.sh']",aman,1:1667388487.3946123
31258,0.06291078833126527,bash,1,0.0,"[0.1, 0.09, 1.3, 0.45, 0.0]","[1000, 1000, 1000]",S,"[303104, 2441216, 303104, 2441216, 1]",0,"[5189632, 10280960, 3411968, 724992, 0, 1810432, 0]",,,,,,,,,pid,2.3413100242614746,['-bash'],aman,1:1667388487.3946123
2168,0.062414254879558366,bash,1,0.0,"[0.14, 0.09, 417.24, 327.96, 0.0]","[1000, 1000, 1000]",S,"[854159360, 6824759296, 854159360, 6824759296, 1]",0,"[5148672, 10280960, 3379200, 724992, 0, 1810432, 0]",,,,,,,,,pid,2.3413100242614746,['-bash'],aman,1:1667388487.3946123
1,0.014747043515695172,init,3,0.0,"[0.02, 0.09, 0.0, 0.04, 0.01]","[0, 0, 0]",S,"[0, 0, 0, 0, 0]",0,"[1216512, 1859584, 1134592, 1003520, 0, 458752, 0]",,,,,,,,,pid,2.3413100242614746,['/init'],root,1:1667388487.3946123
21021,0.007398348430432932,sh,1,0.0,"[0.01, 0.0, 0.01, 0.0, 0.0]","[1000, 1000, 1000]",S,"[0, 0, 0, 0, 1]",0,"[610304, 2674688, 540672, 77824, 0, 323584, 0]",,,,,,,,,pid,2.3413100242614746,"['sh', '/mnt/c/Users/saama/.vscode/extensions/ms-vscode-remote.remote-wsl-0.72.0/scripts/wslServer.sh', 'd045a5eda657f4d7b676dedbfa7aab8207f8a075', 'stable', 'code-server', '.vscode-server', '--host=127.0.0.1', '--port=0', '--connection-token=3647676808-3054417961-232110392-2849842855', '--use-host-proxy', '--without-browser-env-var', '--disable-websocket-compression', '--accept-server-license-terms', '--telemetry-level=all']",aman,1:1667388487.3946123
21026,0.007398348430432932,sh,1,0.0,"[0.0, 0.0, 0.0, 0.0, 0.0]","[1000, 1000, 1000]",S,"[0, 0, 0, 0, 1]",0,"[610304, 2674688, 540672, 77824, 0, 323584, 0]",,,,,,,,,pid,2.3413100242614746,"['sh', '/home/aman/.vscode-server/bin/d045a5eda657f4d7b676dedbfa7aab8207f8a075/bin/code-server', '--host=127.0.0.1', '--port=0', '--connection-token=3647676808-3054417961-232110392-2849842855', '--use-host-proxy', '--without-browser-env-var', '--disable-websocket-compression', '--accept-server-license-terms', '--telemetry-level=all']",aman,1:1667388487.3946123
21020,0.006603894907701879,sh,1,0.0,"[0.0, 0.01, 0.0, 0.0, 0.0]","[1000, 1000, 1000]",S,"[0, 0, 0, 0, 1]",0,"[544768, 2674688, 475136, 77824, 0, 323584, 0]",,,,,,,,,pid,2.3413100242614746,"['sh', '-c', '""$VSCODE_WSL_EXT_LOCATION/scripts/wslServer.sh"" d045a5eda657f4d7b676dedbfa7aab8207f8a075 stable code-server .vscode-server --host=127.0.0.1 --port=0 --connection-token=3647676808-3054417961-232110392-2849842855 --use-host-proxy --without-browser-env-var --disable-websocket-compression --accept-server-license-terms --telemetry-level=all']",aman,1:1667388487.3946123
21042,0.0013406403196086522,init,1,0.0,"[0.0, 0.12, 0.0, 0.0, 0.0]","[0, 0, 0]",S,"[0, 0, 0, 0, 0]",0,"[110592, 1871872, 0, 1003520, 0, 471040, 0]",,,,,,,,,pid,2.3413100242614746,['/init'],root,1:1667388487.3946123
21076,0.0013406403196086522,init,1,0.0,"[0.01, 0.09, 0.0, 0.0, 0.0]","[0, 0, 0]",S,"[0, 0, 0, 0, 0]",0,"[110592, 1871872, 0, 1003520, 0, 471040, 0]",,,,,,,,,pid,2.3413100242614746,['/init'],root,1:1667388487.3946123
21018,0.0011916802840965797,init,1,0.0,"[0.0, 0.0, 0.0, 0.0, 0.0]","[0, 0, 0]",S,"[0, 0, 0, 0, 0]",0,"[98304, 1859584, 0, 1003520, 0, 458752, 0]",,,,,,,,,pid,2.3413100242614746,['/init'],root,1:1667388487.3946123
21019,0.0011916802840965797,init,1,0.0,"[0.0, 0.0, 0.0, 0.0, 0.0]","[0, 0, 0]",S,"[0, 0, 0, 0, 0]",0,"[98304, 1867776, 0, 1003520, 0, 466944, 0]",,,,,,,,,pid,2.3413100242614746,['/init'],root,1:1667388487.3946123
21041,0.0011916802840965797,init,1,0.0,"[0.0, 0.0, 0.0, 0.0, 0.0]","[0, 0, 0]",S,"[0, 0, 0, 0, 0]",0,"[98304, 1871872, 0, 1003520, 0, 471040, 0]",,,,,,,,,pid,2.3413100242614746,['/init'],root,1:1667388487.3946123
21074,0.0011916802840965797,init,1,0.0,"[0.0, 0.0, 0.0, 0.0, 0.0]","[0, 0, 0]",S,"[0, 0, 0, 0, 0]",0,"[98304, 1871872, 0, 1003520, 0, 471040, 0]",,,,,,,,,pid,2.3413100242614746,['/init'],root,1:1667388487.3946123
2167,0.0011420269389258888,init,1,0.0,"[0.04, 1.14, 67.95, 2.69, 0.0]","[0, 0, 0]",S,"[0, 0, 0, 0, 0]",0,"[94208, 1855488, 0, 1003520, 0, 454656, 0]",,,,,,,,,pid,2.3413100242614746,['/init'],root,1:1667388487.3946123
31257,0.0011420269389258888,init,1,0.0,"[0.02, 0.0, 0.0, 0.0, 0.0]","[0, 0, 0]",S,"[0, 0, 0, 0, 0]",0,"[94208, 1855488, 0, 1003520, 0, 454656, 0]",,,,,,,,,pid,2.3413100242614746,['/init'],root,1:1667388487.3946123
2166,0.0010427202485845072,init,1,0.0,"[0.0, 0.0, 0.0, 0.0, 0.0]","[0, 0, 0]",S,"[0, 0, 0, 0, 0]",0,"[86016, 1855488, 0, 1003520, 0, 454656, 0]",,,,,,,,,pid,2.3413100242614746,['/init'],root,1:1667388487.3946123
31256,0.0010427202485845072,init,1,0.0,"[0.0, 0.0, 0.0, 0.0, 0.0]","[0, 0, 0]",S,"[0, 0, 0, 0, 0]",0,"[86016, 1855488, 0, 1003520, 0, 454656, 0]",,,,,,,,,pid,2.3413100242614746,['/init'],root,1:1667388487.3946123
21450,0.908358296552618,python,1,6.8,"[3.77, 1.22, 0.0, 0.0, 0.0]","[1000, 1000, 1000]",S,"[0, 0, 0, 0, 1]",0,"[74932224, 428417024, 25632768, 1728512, 0, 312139776, 0]","[7920, 11]","[0, 4]",7.0,"[0, 1, 2, 3, 4, 5, 6, 7]",0.0,1.0,0.0,True,pid,2.3413100242614746,"['python', 'psaz_collect.py', 'config.yaml']",aman,2:1667388488.569511
21215,0.3967302279138197,glances,1,3.4,"[1.8, 0.58, 0.0, 0.01, 0.12]","[1000, 1000, 1000]",R,"[8032256, 8192, 8032256, 8192, 1]",0,"[32727040, 192454656, 9289728, 1728512, 0, 40476672, 0]",,,,,,,,,pid,2.3413100242614746,"['/home/aman/miniconda3/envs/srini/bin/python', '/home/aman/miniconda3/envs/srini/bin/glances', '-w', '--disable-webui']",aman,2:1667388488.569511
21115,0.9811501005728507,node,12,0.0,"[2.16, 0.64, 0.14, 1.29, 0.0]","[1000, 1000, 1000]",S,"[0, 16384, 0, 16384, 1]",0,"[80936960, 840970240, 37306368, 70565888, 0, 126402560, 0]",,,,,,,,,pid,2.3413100242614746,"['/home/aman/.vscode-server/bin/d045a5eda657f4d7b676dedbfa7aab8207f8a075/node', '/home/aman/.vscode-server/bin/d045a5eda657f4d7b676dedbfa7aab8207f8a075/out/bootstrap-fork', '--type=extensionHost', '--transformURIs', '--useHostProxy=true']",aman,2:1667388488.569511
21030,0.8778711426178137,node,11,0.0,"[4.11, 2.33, 1.15, 0.62, 0.0]","[1000, 1000, 1000]",S,"[4096, 45056, 4096, 45056, 1]",0,"[72417280, 956350464, 35475456, 70565888, 0, 110661632, 0]",,,,,,,,,pid,2.3413100242614746,"['/home/aman/.vscode-server/bin/d045a5eda657f4d7b676dedbfa7aab8207f8a075/node', '/home/aman/.vscode-server/bin/d045a5eda657f4d7b676dedbfa7aab8207f8a075/out/server-main.js', '--host=127.0.0.1', '--port=0', '--connection-token=3647676808-3054417961-232110392-2849842855', '--use-host-proxy', '--without-browser-env-var', '--disable-websocket-compression', '--accept-server-license-terms', '--telemetry-level=all']",aman,2:1667388488.569511
21050,0.6356124715300132,node,13,0.0,"[0.71, 0.55, 0.55, 0.09, 0.0]","[1000, 1000, 1000]",S,"[0, 0, 0, 0, 1]",0,"[52432896, 660967424, 33124352, 70565888, 0, 110223360, 0]",,,,,,,,,pid,2.3413100242614746,"['/home/aman/.vscode-server/bin/d045a5eda657f4d7b676dedbfa7aab8207f8a075/node', '/home/aman/.vscode-server/bin/d045a5eda657f4d7b676dedbfa7aab8207f8a075/out/bootstrap-fork', '--type=ptyHost', '--logsPath', '/home/aman/.vscode-server/data/logs/20221102T165538']",aman,2:1667388488.569511
21085,0.5314397533619039,node,13,0.0,"[0.38, 1.16, 0.0, 0.0, 0.0]","[1000, 1000, 1000]",S,"[4096, 0, 4096, 0, 1]",0,"[43839488, 855556096, 32415744, 70565888, 0, 103956480, 0]",,,,,,,,,pid,2.3413100242614746,"['/home/aman/.vscode-server/bin/d045a5eda657f4d7b676dedbfa7aab8207f8a075/node', '/home/aman/.vscode-server/bin/d045a5eda657f4d7b676dedbfa7aab8207f8a075/out/bootstrap-fork', '--type=fileWatcher']",aman,2:1667388488.569511
21043,0.47562939339004734,node,7,0.0,"[0.3, 0.14, 0.0, 0.0, 0.0]","[1000, 1000, 1000]",S,"[0, 0, 0, 0, 1]",0,"[39235584, 600866816, 28409856, 70565888, 0, 54177792, 0]",,,,,,,,,pid,2.3413100242614746,"['/home/aman/.vscode-server/bin/d045a5eda657f4d7b676dedbfa7aab8207f8a075/node', '-e', "" const net = require('net'); process.stdin.pause(); const client = net.createConnection({ host: '127.0.0.1', port: 38237 }, () => { client.pipe(process.stdout); process.stdin.pipe(client); }); client.on('close', function (hadError) { console.error(hadError ? 'Remote close with error' : 'Remote close'); process.exit(hadError ? 1 : 0); }); client.on('error', function (err) { process.stderr.write(err && (err.stack || err.message) || String(err)); });""]",aman,2:1667388488.569511
21078,0.42557882145799103,node,7,0.0,"[0.21, 0.23, 0.0, 0.0, 0.0]","[1000, 1000, 1000]",S,"[0, 0, 0, 0, 1]",0,"[35106816, 530186240, 26779648, 70565888, 0, 51519488, 0]",,,,,,,,,pid,2.3413100242614746,"['/home/aman/.vscode-server/bin/d045a5eda657f4d7b676dedbfa7aab8207f8a075/node', '-e', "" const net = require('net'); process.stdin.pause(); const client = net.createConnection({ host: '127.0.0.1', port: 38237 }, () => { client.pipe(process.stdout); process.stdin.pipe(client); }); client.on('close', function (hadError) { console.error(hadError ? 'Remote close with error' : 'Remote close'); process.exit(hadError ? 1 : 0); }); client.on('error', function (err) { process.stderr.write(err && (err.stack || err.message) || String(err)); });""]",aman,2:1667388488.569511
21246,0.06708166932560329,bash,1,0.0,"[0.04, 0.03, 1.95, 0.79, 0.0]","[1000, 1000, 1000]",S,"[16642048, 0, 16642048, 0, 1]",0,"[5533696, 10407936, 3641344, 724992, 0, 1937408, 0]",,,,,,,,,pid,2.3413100242614746,"['/usr/bin/bash', '--init-file', '/home/aman/.vscode-server/bin/d045a5eda657f4d7b676dedbfa7aab8207f8a075/out/vs/workbench/contrib/terminal/browser/media/shellIntegration-bash.sh']",aman,2:1667388488.569511
21141,0.06474796210258082,bash,1,0.0,"[0.03, 0.01, 0.94, 0.07, 0.0]","[1000, 1000, 1000]",S,"[0, 0, 0, 0, 1]",0,"[5341184, 10272768, 3547136, 724992, 0, 1802240, 0]",,,,,,,,,pid,2.3413100242614746,"['/usr/bin/bash', '--init-file', '/home/aman/.vscode-server/bin/d045a5eda657f4d7b676dedbfa7aab8207f8a075/out/vs/workbench/contrib/terminal/browser/media/shellIntegration-bash.sh']",aman,2:1667388488.569511
31258,0.06291078833126527,bash,1,0.0,"[0.1, 0.09, 1.3, 0.45, 0.0]","[1000, 1000, 1000]",S,"[303104, 2441216, 303104, 2441216, 1]",0,"[5189632, 10280960, 3411968, 724992, 0, 1810432, 0]",,,,,,,,,pid,2.3413100242614746,['-bash'],aman,2:1667388488.569511
2168,0.062414254879558366,bash,1,0.0,"[0.14, 0.09, 417.24, 327.96, 0.0]","[1000, 1000, 1000]",S,"[854159360, 6824759296, 854159360, 6824759296, 1]",0,"[5148672, 10280960, 3379200, 724992, 0, 1810432, 0]",,,,,,,,,pid,2.3413100242614746,['-bash'],aman,2:1667388488.569511
1,0.014747043515695172,init,3,0.0,"[0.02, 0.09, 0.0, 0.04, 0.01]","[0, 0, 0]",S,"[0, 0, 0, 0, 0]",0,"[1216512, 1859584, 1134592, 1003520, 0, 458752, 0]",,,,,,,,,pid,2.3413100242614746,['/init'],root,2:1667388488.569511
21021,0.007398348430432932,sh,1,0.0,"[0.01, 0.0, 0.01, 0.0, 0.0]","[1000, 1000, 1000]",S,"[0, 0, 0, 0, 1]",0,"[610304, 2674688, 540672, 77824, 0, 323584, 0]",,,,,,,,,pid,2.3413100242614746,"['sh', '/mnt/c/Users/saama/.vscode/extensions/ms-vscode-remote.remote-wsl-0.72.0/scripts/wslServer.sh', 'd045a5eda657f4d7b676dedbfa7aab8207f8a075', 'stable', 'code-server', '.vscode-server', '--host=127.0.0.1', '--port=0', '--connection-token=3647676808-3054417961-232110392-2849842855', '--use-host-proxy', '--without-browser-env-var', '--disable-websocket-compression', '--accept-server-license-terms', '--telemetry-level=all']",aman,2:1667388488.569511
21026,0.007398348430432932,sh,1,0.0,"[0.0, 0.0, 0.0, 0.0, 0.0]","[1000, 1000, 1000]",S,"[0, 0, 0, 0, 1]",0,"[610304, 2674688, 540672, 77824, 0, 323584, 0]",,,,,,,,,pid,2.3413100242614746,"['sh', '/home/aman/.vscode-server/bin/d045a5eda657f4d7b676dedbfa7aab8207f8a075/bin/code-server', '--host=127.0.0.1', '--port=0', '--connection-token=3647676808-3054417961-232110392-2849842855', '--use-host-proxy', '--without-browser-env-var', '--disable-websocket-compression', '--accept-server-license-terms', '--telemetry-level=all']",aman,2:1667388488.569511
21020,0.006603894907701879,sh,1,0.0,"[0.0, 0.01, 0.0, 0.0, 0.0]","[1000, 1000, 1000]",S,"[0, 0, 0, 0, 1]",0,"[544768, 2674688, 475136, 77824, 0, 323584, 0]",,,,,,,,,pid,2.3413100242614746,"['sh', '-c', '""$VSCODE_WSL_EXT_LOCATION/scripts/wslServer.sh"" d045a5eda657f4d7b676dedbfa7aab8207f8a075 stable code-server .vscode-server --host=127.0.0.1 --port=0 --connection-token=3647676808-3054417961-232110392-2849842855 --use-host-proxy --without-browser-env-var --disable-websocket-compression --accept-server-license-terms --telemetry-level=all']",aman,2:1667388488.569511
21042,0.0013406403196086522,init,1,0.0,"[0.0, 0.12, 0.0, 0.0, 0.0]","[0, 0, 0]",S,"[0, 0, 0, 0, 0]",0,"[110592, 1871872, 0, 1003520, 0, 471040, 0]",,,,,,,,,pid,2.3413100242614746,['/init'],root,2:1667388488.569511
21076,0.0013406403196086522,init,1,0.0,"[0.01, 0.09, 0.0, 0.0, 0.0]","[0, 0, 0]",S,"[0, 0, 0, 0, 0]",0,"[110592, 1871872, 0, 1003520, 0, 471040, 0]",,,,,,,,,pid,2.3413100242614746,['/init'],root,2:1667388488.569511
21018,0.0011916802840965797,init,1,0.0,"[0.0, 0.0, 0.0, 0.0, 0.0]","[0, 0, 0]",S,"[0, 0, 0, 0, 0]",0,"[98304, 1859584, 0, 1003520, 0, 458752, 0]",,,,,,,,,pid,2.3413100242614746,['/init'],root,2:1667388488.569511
21019,0.0011916802840965797,init,1,0.0,"[0.0, 0.0, 0.0, 0.0, 0.0]","[0, 0, 0]",S,"[0, 0, 0, 0, 0]",0,"[98304, 1867776, 0, 1003520, 0, 466944, 0]",,,,,,,,,pid,2.3413100242614746,['/init'],root,2:1667388488.569511
21041,0.0011916802840965797,init,1,0.0,"[0.0, 0.0, 0.0, 0.0, 0.0]","[0, 0, 0]",S,"[0, 0, 0, 0, 0]",0,"[98304, 1871872, 0, 1003520, 0, 471040, 0]",,,,,,,,,pid,2.3413100242614746,['/init'],root,2:1667388488.569511
21074,0.0011916802840965797,init,1,0.0,"[0.0, 0.0, 0.0, 0.0, 0.0]","[0, 0, 0]",S,"[0, 0, 0, 0, 0]",0,"[98304, 1871872, 0, 1003520, 0, 471040, 0]",,,,,,,,,pid,2.3413100242614746,['/init'],root,2:1667388488.569511
2167,0.0011420269389258888,init,1,0.0,"[0.04, 1.14, 67.95, 2.69, 0.0]","[0, 0, 0]",S,"[0, 0, 0, 0, 0]",0,"[94208, 1855488, 0, 1003520, 0, 454656, 0]",,,,,,,,,pid,2.3413100242614746,['/init'],root,2:1667388488.569511
31257,0.0011420269389258888,init,1,0.0,"[0.02, 0.0, 0.0, 0.0, 0.0]","[0, 0, 0]",S,"[0, 0, 0, 0, 0]",0,"[94208, 1855488, 0, 1003520, 0, 454656, 0]",,,,,,,,,pid,2.3413100242614746,['/init'],root,2:1667388488.569511
2166,0.0010427202485845072,init,1,0.0,"[0.0, 0.0, 0.0, 0.0, 0.0]","[0, 0, 0]",S,"[0, 0, 0, 0, 0]",0,"[86016, 1855488, 0, 1003520, 0, 454656, 0]",,,,,,,,,pid,2.3413100242614746,['/init'],root,2:1667388488.569511
31256,0.0010427202485845072,init,1,0.0,"[0.0, 0.0, 0.0, 0.0, 0.0]","[0, 0, 0]",S,"[0, 0, 0, 0, 0]",0,"[86016, 1855488, 0, 1003520, 0, 454656, 0]",,,,,,,,,pid,2.3413100242614746,['/init'],root,2:1667388488.569511
21450,0.908358296552618,python,1,8.3,"[3.93, 1.26, 0.0, 0.0, 0.0]","[1000, 1000, 1000]",S,"[0, 0, 0, 0, 1]",0,"[74932224, 428417024, 25632768, 1728512, 0, 312139776, 0]","[8315, 11]","[0, 4]",7.0,"[0, 1, 2, 3, 4, 5, 6, 7]",0.0,1.0,0.0,True,pid,2.4122960567474365,"['python', 'psaz_collect.py', 'config.yaml']",aman,3:1667388489.963865
21215,0.3983191349592818,glances,1,4.5,"[1.88, 0.61, 0.0, 0.01, 0.12]","[1000, 1000, 1000]",R,"[8032256, 8192, 8032256, 8192, 1]",0,"[32858112, 192438272, 9289728, 1728512, 0, 40460288, 0]",,,,,,,,,pid,2.4122960567474365,"['/home/aman/miniconda3/envs/srini/bin/python', '/home/aman/miniconda3/envs/srini/bin/glances', '-w', '--disable-webui']",aman,3:1667388489.963865
21050,0.6324843107842597,node,13,0.8,"[0.73, 0.55, 0.59, 0.09, 0.0]","[1000, 1000, 1000]",S,"[0, 0, 0, 0, 1]",0,"[52174848, 660967424, 33124352, 70565888, 0, 110223360, 0]",,,,,,,,,pid,2.4122960567474365,"['/home/aman/.vscode-server/bin/d045a5eda657f4d7b676dedbfa7aab8207f8a075/node', '/home/aman/.vscode-server/bin/d045a5eda657f4d7b676dedbfa7aab8207f8a075/out/bootstrap-fork', '--type=ptyHost', '--logsPath', '/home/aman/.vscode-server/data/logs/20221102T165538']",aman,3:1667388489.963865
21115,0.9811501005728507,node,12,0.4,"[2.17, 0.64, 0.14, 1.29, 0.0]","[1000, 1000, 1000]",S,"[0, 16384, 0, 16384, 1]",0,"[80936960, 840970240, 37306368, 70565888, 0, 126402560, 0]",,,,,,,,,pid,2.4122960567474365,"['/home/aman/.vscode-server/bin/d045a5eda657f4d7b676dedbfa7aab8207f8a075/node', '/home/aman/.vscode-server/bin/d045a5eda657f4d7b676dedbfa7aab8207f8a075/out/bootstrap-fork', '--type=extensionHost', '--transformURIs', '--useHostProxy=true']",aman,3:1667388489.963865
21043,0.47562939339004734,node,7,0.4,"[0.31, 0.14, 0.0, 0.0, 0.0]","[1000, 1000, 1000]",S,"[0, 0, 0, 0, 1]",0,"[39235584, 600866816, 28409856, 70565888, 0, 54177792, 0]",,,,,,,,,pid,2.4122960567474365,"['/home/aman/.vscode-server/bin/d045a5eda657f4d7b676dedbfa7aab8207f8a075/node', '-e', "" const net = require('net'); process.stdin.pause(); const client = net.createConnection({ host: '127.0.0.1', port: 38237 }, () => { client.pipe(process.stdout); process.stdin.pipe(client); }); client.on('close', function (hadError) { console.error(hadError ? 'Remote close with error' : 'Remote close'); process.exit(hadError ? 1 : 0); }); client.on('error', function (err) { process.stderr.write(err && (err.stack || err.message) || String(err)); });""]",aman,3:1667388489.963865
21030,0.8778711426178137,node,11,0.0,"[4.11, 2.33, 1.15, 0.62, 0.0]","[1000, 1000, 1000]",S,"[4096, 45056, 4096, 45056, 1]",0,"[72417280, 956350464, 35475456, 70565888, 0, 110661632, 0]",,,,,,,,,pid,2.4122960567474365,"['/home/aman/.vscode-server/bin/d045a5eda657f4d7b676dedbfa7aab8207f8a075/node', '/home/aman/.vscode-server/bin/d045a5eda657f4d7b676dedbfa7aab8207f8a075/out/server-main.js', '--host=127.0.0.1', '--port=0', '--connection-token=3647676808-3054417961-232110392-2849842855', '--use-host-proxy', '--without-browser-env-var', '--disable-websocket-compression', '--accept-server-license-terms', '--telemetry-level=all']",aman,3:1667388489.963865
21085,0.5314397533619039,node,13,0.0,"[0.38, 1.16, 0.0, 0.0, 0.0]","[1000, 1000, 1000]",S,"[4096, 0, 4096, 0, 1]",0,"[43839488, 855556096, 32415744, 70565888, 0, 103956480, 0]",,,,,,,,,pid,2.4122960567474365,"['/home/aman/.vscode-server/bin/d045a5eda657f4d7b676dedbfa7aab8207f8a075/node', '/home/aman/.vscode-server/bin/d045a5eda657f4d7b676dedbfa7aab8207f8a075/out/bootstrap-fork', '--type=fileWatcher']",aman,3:1667388489.963865
21078,0.42557882145799103,node,7,0.0,"[0.21, 0.23, 0.0, 0.0, 0.0]","[1000, 1000, 1000]",S,"[0, 0, 0, 0, 1]",0,"[35106816, 530186240, 26779648, 70565888, 0, 51519488, 0]",,,,,,,,,pid,2.4122960567474365,"['/home/aman/.vscode-server/bin/d045a5eda657f4d7b676dedbfa7aab8207f8a075/node', '-e', "" const net = require('net'); process.stdin.pause(); const client = net.createConnection({ host: '127.0.0.1', port: 38237 }, () => { client.pipe(process.stdout); process.stdin.pipe(client); }); client.on('close', function (hadError) { console.error(hadError ? 'Remote close with error' : 'Remote close'); process.exit(hadError ? 1 : 0); }); client.on('error', function (err) { process.stderr.write(err && (err.stack || err.message) || String(err)); });""]",aman,3:1667388489.963865
21246,0.06708166932560329,bash,1,0.0,"[0.04, 0.03, 1.95, 0.79, 0.0]","[1000, 1000, 1000]",S,"[16642048, 0, 16642048, 0, 1]",0,"[5533696, 10407936, 3641344, 724992, 0, 1937408, 0]",,,,,,,,,pid,2.4122960567474365,"['/usr/bin/bash', '--init-file', '/home/aman/.vscode-server/bin/d045a5eda657f4d7b676dedbfa7aab8207f8a075/out/vs/workbench/contrib/terminal/browser/media/shellIntegration-bash.sh']",aman,3:1667388489.963865
21141,0.06474796210258082,bash,1,0.0,"[0.03, 0.01, 0.94, 0.07, 0.0]","[1000, 1000, 1000]",S,"[0, 0, 0, 0, 1]",0,"[5341184, 10272768, 3547136, 724992, 0, 1802240, 0]",,,,,,,,,pid,2.4122960567474365,"['/usr/bin/bash', '--init-file', '/home/aman/.vscode-server/bin/d045a5eda657f4d7b676dedbfa7aab8207f8a075/out/vs/workbench/contrib/terminal/browser/media/shellIntegration-bash.sh']",aman,3:1667388489.963865
31258,0.06291078833126527,bash,1,0.0,"[0.1, 0.09, 1.3, 0.45, 0.0]","[1000, 1000, 1000]",S,"[303104, 2441216, 303104, 2441216, 1]",0,"[5189632, 10280960, 3411968, 724992, 0, 1810432, 0]",,,,,,,,,pid,2.4122960567474365,['-bash'],aman,3:1667388489.963865
2168,0.062414254879558366,bash,1,0.0,"[0.14, 0.09, 417.24, 327.96, 0.0]","[1000, 1000, 1000]",S,"[854159360, 6824759296, 854159360, 6824759296, 1]",0,"[5148672, 10280960, 3379200, 724992, 0, 1810432, 0]",,,,,,,,,pid,2.4122960567474365,['-bash'],aman,3:1667388489.963865
1,0.014747043515695172,init,3,0.0,"[0.02, 0.09, 0.0, 0.04, 0.01]","[0, 0, 0]",S,"[0, 0, 0, 0, 0]",0,"[1216512, 1859584, 1134592, 1003520, 0, 458752, 0]",,,,,,,,,pid,2.4122960567474365,['/init'],root,3:1667388489.963865
21021,0.007398348430432932,sh,1,0.0,"[0.01, 0.0, 0.01, 0.0, 0.0]","[1000, 1000, 1000]",S,"[0, 0, 0, 0, 1]",0,"[610304, 2674688, 540672, 77824, 0, 323584, 0]",,,,,,,,,pid,2.4122960567474365,"['sh', '/mnt/c/Users/saama/.vscode/extensions/ms-vscode-remote.remote-wsl-0.72.0/scripts/wslServer.sh', 'd045a5eda657f4d7b676dedbfa7aab8207f8a075', 'stable', 'code-server', '.vscode-server', '--host=127.0.0.1', '--port=0', '--connection-token=3647676808-3054417961-232110392-2849842855', '--use-host-proxy', '--without-browser-env-var', '--disable-websocket-compression', '--accept-server-license-terms', '--telemetry-level=all']",aman,3:1667388489.963865
21026,0.007398348430432932,sh,1,0.0,"[0.0, 0.0, 0.0, 0.0, 0.0]","[1000, 1000, 1000]",S,"[0, 0, 0, 0, 1]",0,"[610304, 2674688, 540672, 77824, 0, 323584, 0]",,,,,,,,,pid,2.4122960567474365,"['sh', '/home/aman/.vscode-server/bin/d045a5eda657f4d7b676dedbfa7aab8207f8a075/bin/code-server', '--host=127.0.0.1', '--port=0', '--connection-token=3647676808-3054417961-232110392-2849842855', '--use-host-proxy', '--without-browser-env-var', '--disable-websocket-compression', '--accept-server-license-terms', '--telemetry-level=all']",aman,3:1667388489.963865
21020,0.006603894907701879,sh,1,0.0,"[0.0, 0.01, 0.0, 0.0, 0.0]","[1000, 1000, 1000]",S,"[0, 0, 0, 0, 1]",0,"[544768, 2674688, 475136, 77824, 0, 323584, 0]",,,,,,,,,pid,2.4122960567474365,"['sh', '-c', '""$VSCODE_WSL_EXT_LOCATION/scripts/wslServer.sh"" d045a5eda657f4d7b676dedbfa7aab8207f8a075 stable code-server .vscode-server --host=127.0.0.1 --port=0 --connection-token=3647676808-3054417961-232110392-2849842855 --use-host-proxy --without-browser-env-var --disable-websocket-compression --accept-server-license-terms --telemetry-level=all']",aman,3:1667388489.963865
21042,0.0013406403196086522,init,1,0.0,"[0.0, 0.12, 0.0, 0.0, 0.0]","[0, 0, 0]",S,"[0, 0, 0, 0, 0]",0,"[110592, 1871872, 0, 1003520, 0, 471040, 0]",,,,,,,,,pid,2.4122960567474365,['/init'],root,3:1667388489.963865
21076,0.0013406403196086522,init,1,0.0,"[0.01, 0.09, 0.0, 0.0, 0.0]","[0, 0, 0]",S,"[0, 0, 0, 0, 0]",0,"[110592, 1871872, 0, 1003520, 0, 471040, 0]",,,,,,,,,pid,2.4122960567474365,['/init'],root,3:1667388489.963865
21018,0.0011916802840965797,init,1,0.0,"[0.0, 0.0, 0.0, 0.0, 0.0]","[0, 0, 0]",S,"[0, 0, 0, 0, 0]",0,"[98304, 1859584, 0, 1003520, 0, 458752, 0]",,,,,,,,,pid,2.4122960567474365,['/init'],root,3:1667388489.963865
21019,0.0011916802840965797,init,1,0.0,"[0.0, 0.0, 0.0, 0.0, 0.0]","[0, 0, 0]",S,"[0, 0, 0, 0, 0]",0,"[98304, 1867776, 0, 1003520, 0, 466944, 0]",,,,,,,,,pid,2.4122960567474365,['/init'],root,3:1667388489.963865
21041,0.0011916802840965797,init,1,0.0,"[0.0, 0.0, 0.0, 0.0, 0.0]","[0, 0, 0]",S,"[0, 0, 0, 0, 0]",0,"[98304, 1871872, 0, 1003520, 0, 471040, 0]",,,,,,,,,pid,2.4122960567474365,['/init'],root,3:1667388489.963865
21074,0.0011916802840965797,init,1,0.0,"[0.0, 0.0, 0.0, 0.0, 0.0]","[0, 0, 0]",S,"[0, 0, 0, 0, 0]",0,"[98304, 1871872, 0, 1003520, 0, 471040, 0]",,,,,,,,,pid,2.4122960567474365,['/init'],root,3:1667388489.963865
2167,0.0011420269389258888,init,1,0.0,"[0.04, 1.14, 67.95, 2.69, 0.0]","[0, 0, 0]",S,"[0, 0, 0, 0, 0]",0,"[94208, 1855488, 0, 1003520, 0, 454656, 0]",,,,,,,,,pid,2.4122960567474365,['/init'],root,3:1667388489.963865
31257,0.0011420269389258888,init,1,0.0,"[0.02, 0.0, 0.0, 0.0, 0.0]","[0, 0, 0]",S,"[0, 0, 0, 0, 0]",0,"[94208, 1855488, 0, 1003520, 0, 454656, 0]",,,,,,,,,pid,2.4122960567474365,['/init'],root,3:1667388489.963865
2166,0.0010427202485845072,init,1,0.0,"[0.0, 0.0, 0.0, 0.0, 0.0]","[0, 0, 0]",S,"[0, 0, 0, 0, 0]",0,"[86016, 1855488, 0, 1003520, 0, 454656, 0]",,,,,,,,,pid,2.4122960567474365,['/init'],root,3:1667388489.963865
31256,0.0010427202485845072,init,1,0.0,"[0.0, 0.0, 0.0, 0.0, 0.0]","[0, 0, 0]",S,"[0, 0, 0, 0, 0]",0,"[86016, 1855488, 0, 1003520, 0, 454656, 0]",,,,,,,,,pid,2.4122960567474365,['/init'],root,3:1667388489.963865
21450,0.908358296552618,python,1,8.3,"[3.93, 1.26, 0.0, 0.0, 0.0]","[1000, 1000, 1000]",S,"[0, 0, 0, 0, 1]",0,"[74932224, 428417024, 25632768, 1728512, 0, 312139776, 0]","[8315, 11]","[0, 4]",7.0,"[0, 1, 2, 3, 4, 5, 6, 7]",0.0,1.0,0.0,True,pid,2.4122960567474365,"['python', 'psaz_collect.py', 'config.yaml']",aman,4:1667388491.3045602
21215,0.3983191349592818,glances,1,4.5,"[1.88, 0.61, 0.0, 0.01, 0.12]","[1000, 1000, 1000]",R,"[8032256, 8192, 8032256, 8192, 1]",0,"[32858112, 192438272, 9289728, 1728512, 0, 40460288, 0]",,,,,,,,,pid,2.4122960567474365,"['/home/aman/miniconda3/envs/srini/bin/python', '/home/aman/miniconda3/envs/srini/bin/glances', '-w', '--disable-webui']",aman,4:1667388491.3045602
21050,0.6324843107842597,node,13,0.8,"[0.73, 0.55, 0.59, 0.09, 0.0]","[1000, 1000, 1000]",S,"[0, 0, 0, 0, 1]",0,"[52174848, 660967424, 33124352, 70565888, 0, 110223360, 0]",,,,,,,,,pid,2.4122960567474365,"['/home/aman/.vscode-server/bin/d045a5eda657f4d7b676dedbfa7aab8207f8a075/node', '/home/aman/.vscode-server/bin/d045a5eda657f4d7b676dedbfa7aab8207f8a075/out/bootstrap-fork', '--type=ptyHost', '--logsPath', '/home/aman/.vscode-server/data/logs/20221102T165538']",aman,4:1667388491.3045602
21115,0.9811501005728507,node,12,0.4,"[2.17, 0.64, 0.14, 1.29, 0.0]","[1000, 1000, 1000]",S,"[0, 16384, 0, 16384, 1]",0,"[80936960, 840970240, 37306368, 70565888, 0, 126402560, 0]",,,,,,,,,pid,2.4122960567474365,"['/home/aman/.vscode-server/bin/d045a5eda657f4d7b676dedbfa7aab8207f8a075/node', '/home/aman/.vscode-server/bin/d045a5eda657f4d7b676dedbfa7aab8207f8a075/out/bootstrap-fork', '--type=extensionHost', '--transformURIs', '--useHostProxy=true']",aman,4:1667388491.3045602
21043,0.47562939339004734,node,7,0.4,"[0.31, 0.14, 0.0, 0.0, 0.0]","[1000, 1000, 1000]",S,"[0, 0, 0, 0, 1]",0,"[39235584, 600866816, 28409856, 70565888, 0, 54177792, 0]",,,,,,,,,pid,2.4122960567474365,"['/home/aman/.vscode-server/bin/d045a5eda657f4d7b676dedbfa7aab8207f8a075/node', '-e', "" const net = require('net'); process.stdin.pause(); const client = net.createConnection({ host: '127.0.0.1', port: 38237 }, () => { client.pipe(process.stdout); process.stdin.pipe(client); }); client.on('close', function (hadError) { console.error(hadError ? 'Remote close with error' : 'Remote close'); process.exit(hadError ? 1 : 0); }); client.on('error', function (err) { process.stderr.write(err && (err.stack || err.message) || String(err)); });""]",aman,4:1667388491.3045602
21030,0.8778711426178137,node,11,0.0,"[4.11, 2.33, 1.15, 0.62, 0.0]","[1000, 1000, 1000]",S,"[4096, 45056, 4096, 45056, 1]",0,"[72417280, 956350464, 35475456, 70565888, 0, 110661632, 0]",,,,,,,,,pid,2.4122960567474365,"['/home/aman/.vscode-server/bin/d045a5eda657f4d7b676dedbfa7aab8207f8a075/node', '/home/aman/.vscode-server/bin/d045a5eda657f4d7b676dedbfa7aab8207f8a075/out/server-main.js', '--host=127.0.0.1', '--port=0', '--connection-token=3647676808-3054417961-232110392-2849842855', '--use-host-proxy', '--without-browser-env-var', '--disable-websocket-compression', '--accept-server-license-terms', '--telemetry-level=all']",aman,4:1667388491.3045602
21085,0.5314397533619039,node,13,0.0,"[0.38, 1.16, 0.0, 0.0, 0.0]","[1000, 1000, 1000]",S,"[4096, 0, 4096, 0, 1]",0,"[43839488, 855556096, 32415744, 70565888, 0, 103956480, 0]",,,,,,,,,pid,2.4122960567474365,"['/home/aman/.vscode-server/bin/d045a5eda657f4d7b676dedbfa7aab8207f8a075/node', '/home/aman/.vscode-server/bin/d045a5eda657f4d7b676dedbfa7aab8207f8a075/out/bootstrap-fork', '--type=fileWatcher']",aman,4:1667388491.3045602
21078,0.42557882145799103,node,7,0.0,"[0.21, 0.23, 0.0, 0.0, 0.0]","[1000, 1000, 1000]",S,"[0, 0, 0, 0, 1]",0,"[35106816, 530186240, 26779648, 70565888, 0, 51519488, 0]",,,,,,,,,pid,2.4122960567474365,"['/home/aman/.vscode-server/bin/d045a5eda657f4d7b676dedbfa7aab8207f8a075/node', '-e', "" const net = require('net'); process.stdin.pause(); const client = net.createConnection({ host: '127.0.0.1', port: 38237 }, () => { client.pipe(process.stdout); process.stdin.pipe(client); }); client.on('close', function (hadError) { console.error(hadError ? 'Remote close with error' : 'Remote close'); process.exit(hadError ? 1 : 0); }); client.on('error', function (err) { process.stderr.write(err && (err.stack || err.message) || String(err)); });""]",aman,4:1667388491.3045602
21246,0.06708166932560329,bash,1,0.0,"[0.04, 0.03, 1.95, 0.79, 0.0]","[1000, 1000, 1000]",S,"[16642048, 0, 16642048, 0, 1]",0,"[5533696, 10407936, 3641344, 724992, 0, 1937408, 0]",,,,,,,,,pid,2.4122960567474365,"['/usr/bin/bash', '--init-file', '/home/aman/.vscode-server/bin/d045a5eda657f4d7b676dedbfa7aab8207f8a075/out/vs/workbench/contrib/terminal/browser/media/shellIntegration-bash.sh']",aman,4:1667388491.3045602
21141,0.06474796210258082,bash,1,0.0,"[0.03, 0.01, 0.94, 0.07, 0.0]","[1000, 1000, 1000]",S,"[0, 0, 0, 0, 1]",0,"[5341184, 10272768, 3547136, 724992, 0, 1802240, 0]",,,,,,,,,pid,2.4122960567474365,"['/usr/bin/bash', '--init-file', '/home/aman/.vscode-server/bin/d045a5eda657f4d7b676dedbfa7aab8207f8a075/out/vs/workbench/contrib/terminal/browser/media/shellIntegration-bash.sh']",aman,4:1667388491.3045602
31258,0.06291078833126527,bash,1,0.0,"[0.1, 0.09, 1.3, 0.45, 0.0]","[1000, 1000, 1000]",S,"[303104, 2441216, 303104, 2441216, 1]",0,"[5189632, 10280960, 3411968, 724992, 0, 1810432, 0]",,,,,,,,,pid,2.4122960567474365,['-bash'],aman,4:1667388491.3045602
2168,0.062414254879558366,bash,1,0.0,"[0.14, 0.09, 417.24, 327.96, 0.0]","[1000, 1000, 1000]",S,"[854159360, 6824759296, 854159360, 6824759296, 1]",0,"[5148672, 10280960, 3379200, 724992, 0, 1810432, 0]",,,,,,,,,pid,2.4122960567474365,['-bash'],aman,4:1667388491.3045602
1,0.014747043515695172,init,3,0.0,"[0.02, 0.09, 0.0, 0.04, 0.01]","[0, 0, 0]",S,"[0, 0, 0, 0, 0]",0,"[1216512, 1859584, 1134592, 1003520, 0, 458752, 0]",,,,,,,,,pid,2.4122960567474365,['/init'],root,4:1667388491.3045602
21021,0.007398348430432932,sh,1,0.0,"[0.01, 0.0, 0.01, 0.0, 0.0]","[1000, 1000, 1000]",S,"[0, 0, 0, 0, 1]",0,"[610304, 2674688, 540672, 77824, 0, 323584, 0]",,,,,,,,,pid,2.4122960567474365,"['sh', '/mnt/c/Users/saama/.vscode/extensions/ms-vscode-remote.remote-wsl-0.72.0/scripts/wslServer.sh', 'd045a5eda657f4d7b676dedbfa7aab8207f8a075', 'stable', 'code-server', '.vscode-server', '--host=127.0.0.1', '--port=0', '--connection-token=3647676808-3054417961-232110392-2849842855', '--use-host-proxy', '--without-browser-env-var', '--disable-websocket-compression', '--accept-server-license-terms', '--telemetry-level=all']",aman,4:1667388491.3045602
21026,0.007398348430432932,sh,1,0.0,"[0.0, 0.0, 0.0, 0.0, 0.0]","[1000, 1000, 1000]",S,"[0, 0, 0, 0, 1]",0,"[610304, 2674688, 540672, 77824, 0, 323584, 0]",,,,,,,,,pid,2.4122960567474365,"['sh', '/home/aman/.vscode-server/bin/d045a5eda657f4d7b676dedbfa7aab8207f8a075/bin/code-server', '--host=127.0.0.1', '--port=0', '--connection-token=3647676808-3054417961-232110392-2849842855', '--use-host-proxy', '--without-browser-env-var', '--disable-websocket-compression', '--accept-server-license-terms', '--telemetry-level=all']",aman,4:1667388491.3045602
21020,0.006603894907701879,sh,1,0.0,"[0.0, 0.01, 0.0, 0.0, 0.0]","[1000, 1000, 1000]",S,"[0, 0, 0, 0, 1]",0,"[544768, 2674688, 475136, 77824, 0, 323584, 0]",,,,,,,,,pid,2.4122960567474365,"['sh', '-c', '""$VSCODE_WSL_EXT_LOCATION/scripts/wslServer.sh"" d045a5eda657f4d7b676dedbfa7aab8207f8a075 stable code-server .vscode-server --host=127.0.0.1 --port=0 --connection-token=3647676808-3054417961-232110392-2849842855 --use-host-proxy --without-browser-env-var --disable-websocket-compression --accept-server-license-terms --telemetry-level=all']",aman,4:1667388491.3045602
21042,0.0013406403196086522,init,1,0.0,"[0.0, 0.12, 0.0, 0.0, 0.0]","[0, 0, 0]",S,"[0, 0, 0, 0, 0]",0,"[110592, 1871872, 0, 1003520, 0, 471040, 0]",,,,,,,,,pid,2.4122960567474365,['/init'],root,4:1667388491.3045602
21076,0.0013406403196086522,init,1,0.0,"[0.01, 0.09, 0.0, 0.0, 0.0]","[0, 0, 0]",S,"[0, 0, 0, 0, 0]",0,"[110592, 1871872, 0, 1003520, 0, 471040, 0]",,,,,,,,,pid,2.4122960567474365,['/init'],root,4:1667388491.3045602
21018,0.0011916802840965797,init,1,0.0,"[0.0, 0.0, 0.0, 0.0, 0.0]","[0, 0, 0]",S,"[0, 0, 0, 0, 0]",0,"[98304, 1859584, 0, 1003520, 0, 458752, 0]",,,,,,,,,pid,2.4122960567474365,['/init'],root,4:1667388491.3045602
21019,0.0011916802840965797,init,1,0.0,"[0.0, 0.0, 0.0, 0.0, 0.0]","[0, 0, 0]",S,"[0, 0, 0, 0, 0]",0,"[98304, 1867776, 0, 1003520, 0, 466944, 0]",,,,,,,,,pid,2.4122960567474365,['/init'],root,4:1667388491.3045602
21041,0.0011916802840965797,init,1,0.0,"[0.0, 0.0, 0.0, 0.0, 0.0]","[0, 0, 0]",S,"[0, 0, 0, 0, 0]",0,"[98304, 1871872, 0, 1003520, 0, 471040, 0]",,,,,,,,,pid,2.4122960567474365,['/init'],root,4:1667388491.3045602
21074,0.0011916802840965797,init,1,0.0,"[0.0, 0.0, 0.0, 0.0, 0.0]","[0, 0, 0]",S,"[0, 0, 0, 0, 0]",0,"[98304, 1871872, 0, 1003520, 0, 471040, 0]",,,,,,,,,pid,2.4122960567474365,['/init'],root,4:1667388491.3045602
2167,0.0011420269389258888,init,1,0.0,"[0.04, 1.14, 67.95, 2.69, 0.0]","[0, 0, 0]",S,"[0, 0, 0, 0, 0]",0,"[94208, 1855488, 0, 1003520, 0, 454656, 0]",,,,,,,,,pid,2.4122960567474365,['/init'],root,4:1667388491.3045602
31257,0.0011420269389258888,init,1,0.0,"[0.02, 0.0, 0.0, 0.0, 0.0]","[0, 0, 0]",S,"[0, 0, 0, 0, 0]",0,"[94208, 1855488, 0, 1003520, 0, 454656, 0]",,,,,,,,,pid,2.4122960567474365,['/init'],root,4:1667388491.3045602
2166,0.0010427202485845072,init,1,0.0,"[0.0, 0.0, 0.0, 0.0, 0.0]","[0, 0, 0]",S,"[0, 0, 0, 0, 0]",0,"[86016, 1855488, 0, 1003520, 0, 454656, 0]",,,,,,,,,pid,2.4122960567474365,['/init'],root,4:1667388491.3045602
31256,0.0010427202485845072,init,1,0.0,"[0.0, 0.0, 0.0, 0.0, 0.0]","[0, 0, 0]",S,"[0, 0, 0, 0, 0]",0,"[86016, 1855488, 0, 1003520, 0, 454656, 0]",,,,,,,,,pid,2.4122960567474365,['/init'],root,4:1667388491.3045602
21450,0.908358296552618,python,1,12.5,"[4.23, 1.3, 0.0, 0.0, 0.0]","[1000, 1000, 1000]",S,"[0, 0, 0, 0, 1]",0,"[74932224, 428417024, 25632768, 1728512, 0, 312139776, 0]","[8708, 11]","[0, 4]",7.0,"[0, 1, 2, 3, 4, 5, 6, 7]",0.0,1.0,0.0,True,pid,2.727147102355957,"['python', 'psaz_collect.py', 'config.yaml']",aman,5:1667388492.4893153
21215,0.3983191349592818,glances,1,7.0,"[2.05, 0.63, 0.0, 0.01, 0.12]","[1000, 1000, 1000]",R,"[8032256, 8192, 8032256, 8192, 1]",0,"[32858112, 192700416, 9289728, 1728512, 0, 40722432, 0]",,,,,,,,,pid,2.727147102355957,"['/home/aman/miniconda3/envs/srini/bin/python', '/home/aman/miniconda3/envs/srini/bin/glances', '-w', '--disable-webui']",aman,5:1667388492.4893153
21050,0.6324843107842597,node,13,0.4,"[0.73, 0.56, 0.59, 0.09, 0.0]","[1000, 1000, 1000]",S,"[0, 0, 0, 0, 1]",0,"[52174848, 660967424, 33124352, 70565888, 0, 110223360, 0]",,,,,,,,,pid,2.727147102355957,"['/home/aman/.vscode-server/bin/d045a5eda657f4d7b676dedbfa7aab8207f8a075/node', '/home/aman/.vscode-server/bin/d045a5eda657f4d7b676dedbfa7aab8207f8a075/out/bootstrap-fork', '--type=ptyHost', '--logsPath', '/home/aman/.vscode-server/data/logs/20221102T165538']",aman,5:1667388492.4893153
21115,0.9811501005728507,node,12,0.0,"[2.17, 0.64, 0.14, 1.29, 0.0]","[1000, 1000, 1000]",S,"[0, 16384, 0, 16384, 1]",0,"[80936960, 840970240, 37306368, 70565888, 0, 126402560, 0]",,,,,,,,,pid,2.727147102355957,"['/home/aman/.vscode-server/bin/d045a5eda657f4d7b676dedbfa7aab8207f8a075/node', '/home/aman/.vscode-server/bin/d045a5eda657f4d7b676dedbfa7aab8207f8a075/out/bootstrap-fork', '--type=extensionHost', '--transformURIs', '--useHostProxy=true']",aman,5:1667388492.4893153
21030,0.8778711426178137,node,11,0.0,"[4.11, 2.33, 1.15, 0.62, 0.0]","[1000, 1000, 1000]",S,"[4096, 45056, 4096, 45056, 1]",0,"[72417280, 956350464, 35475456, 70565888, 0, 110661632, 0]",,,,,,,,,pid,2.727147102355957,"['/home/aman/.vscode-server/bin/d045a5eda657f4d7b676dedbfa7aab8207f8a075/node', '/home/aman/.vscode-server/bin/d045a5eda657f4d7b676dedbfa7aab8207f8a075/out/server-main.js', '--host=127.0.0.1', '--port=0', '--connection-token=3647676808-3054417961-232110392-2849842855', '--use-host-proxy', '--without-browser-env-var', '--disable-websocket-compression', '--accept-server-license-terms', '--telemetry-level=all']",aman,5:1667388492.4893153
21085,0.5314397533619039,node,13,0.0,"[0.38, 1.16, 0.0, 0.0, 0.0]","[1000, 1000, 1000]",S,"[4096, 0, 4096, 0, 1]",0,"[43839488, 855556096, 32415744, 70565888, 0, 103956480, 0]",,,,,,,,,pid,2.727147102355957,"['/home/aman/.vscode-server/bin/d045a5eda657f4d7b676dedbfa7aab8207f8a075/node', '/home/aman/.vscode-server/bin/d045a5eda657f4d7b676dedbfa7aab8207f8a075/out/bootstrap-fork', '--type=fileWatcher']",aman,5:1667388492.4893153
21043,0.47562939339004734,node,7,0.0,"[0.31, 0.14, 0.0, 0.0, 0.0]","[1000, 1000, 1000]",S,"[0, 0, 0, 0, 1]",0,"[39235584, 600866816, 28409856, 70565888, 0, 54177792, 0]",,,,,,,,,pid,2.727147102355957,"['/home/aman/.vscode-server/bin/d045a5eda657f4d7b676dedbfa7aab8207f8a075/node', '-e', "" const net = require('net'); process.stdin.pause(); const client = net.createConnection({ host: '127.0.0.1', port: 38237 }, () => { client.pipe(process.stdout); process.stdin.pipe(client); }); client.on('close', function (hadError) { console.error(hadError ? 'Remote close with error' : 'Remote close'); process.exit(hadError ? 1 : 0); }); client.on('error', function (err) { process.stderr.write(err && (err.stack || err.message) || String(err)); });""]",aman,5:1667388492.4893153
21078,0.42557882145799103,node,7,0.0,"[0.21, 0.23, 0.0, 0.0, 0.0]","[1000, 1000, 1000]",S,"[0, 0, 0, 0, 1]",0,"[35106816, 530186240, 26779648, 70565888, 0, 51519488, 0]",,,,,,,,,pid,2.727147102355957,"['/home/aman/.vscode-server/bin/d045a5eda657f4d7b676dedbfa7aab8207f8a075/node', '-e', "" const net = require('net'); process.stdin.pause(); const client = net.createConnection({ host: '127.0.0.1', port: 38237 }, () => { client.pipe(process.stdout); process.stdin.pipe(client); }); client.on('close', function (hadError) { console.error(hadError ? 'Remote close with error' : 'Remote close'); process.exit(hadError ? 1 : 0); }); client.on('error', function (err) { process.stderr.write(err && (err.stack || err.message) || String(err)); });""]",aman,5:1667388492.4893153
21246,0.06708166932560329,bash,1,0.0,"[0.04, 0.03, 1.95, 0.79, 0.0]","[1000, 1000, 1000]",S,"[16642048, 0, 16642048, 0, 1]",0,"[5533696, 10407936, 3641344, 724992, 0, 1937408, 0]",,,,,,,,,pid,2.727147102355957,"['/usr/bin/bash', '--init-file', '/home/aman/.vscode-server/bin/d045a5eda657f4d7b676dedbfa7aab8207f8a075/out/vs/workbench/contrib/terminal/browser/media/shellIntegration-bash.sh']",aman,5:1667388492.4893153
21141,0.06474796210258082,bash,1,0.0,"[0.03, 0.01, 0.94, 0.07, 0.0]","[1000, 1000, 1000]",S,"[0, 0, 0, 0, 1]",0,"[5341184, 10272768, 3547136, 724992, 0, 1802240, 0]",,,,,,,,,pid,2.727147102355957,"['/usr/bin/bash', '--init-file', '/home/aman/.vscode-server/bin/d045a5eda657f4d7b676dedbfa7aab8207f8a075/out/vs/workbench/contrib/terminal/browser/media/shellIntegration-bash.sh']",aman,5:1667388492.4893153
31258,0.06291078833126527,bash,1,0.0,"[0.1, 0.09, 1.3, 0.45, 0.0]","[1000, 1000, 1000]",S,"[303104, 2441216, 303104, 2441216, 1]",0,"[5189632, 10280960, 3411968, 724992, 0, 1810432, 0]",,,,,,,,,pid,2.727147102355957,['-bash'],aman,5:1667388492.4893153
2168,0.062414254879558366,bash,1,0.0,"[0.14, 0.09, 417.24, 327.96, 0.0]","[1000, 1000, 1000]",S,"[854159360, 6824759296, 854159360, 6824759296, 1]",0,"[5148672, 10280960, 3379200, 724992, 0, 1810432, 0]",,,,,,,,,pid,2.727147102355957,['-bash'],aman,5:1667388492.4893153
1,0.014747043515695172,init,3,0.0,"[0.02, 0.09, 0.0, 0.04, 0.01]","[0, 0, 0]",S,"[0, 0, 0, 0, 0]",0,"[1216512, 1859584, 1134592, 1003520, 0, 458752, 0]",,,,,,,,,pid,2.727147102355957,['/init'],root,5:1667388492.4893153
21021,0.007398348430432932,sh,1,0.0,"[0.01, 0.0, 0.01, 0.0, 0.0]","[1000, 1000, 1000]",S,"[0, 0, 0, 0, 1]",0,"[610304, 2674688, 540672, 77824, 0, 323584, 0]",,,,,,,,,pid,2.727147102355957,"['sh', '/mnt/c/Users/saama/.vscode/extensions/ms-vscode-remote.remote-wsl-0.72.0/scripts/wslServer.sh', 'd045a5eda657f4d7b676dedbfa7aab8207f8a075', 'stable', 'code-server', '.vscode-server', '--host=127.0.0.1', '--port=0', '--connection-token=3647676808-3054417961-232110392-2849842855', '--use-host-proxy', '--without-browser-env-var', '--disable-websocket-compression', '--accept-server-license-terms', '--telemetry-level=all']",aman,5:1667388492.4893153
21026,0.007398348430432932,sh,1,0.0,"[0.0, 0.0, 0.0, 0.0, 0.0]","[1000, 1000, 1000]",S,"[0, 0, 0, 0, 1]",0,"[610304, 2674688, 540672, 77824, 0, 323584, 0]",,,,,,,,,pid,2.727147102355957,"['sh', '/home/aman/.vscode-server/bin/d045a5eda657f4d7b676dedbfa7aab8207f8a075/bin/code-server', '--host=127.0.0.1', '--port=0', '--connection-token=3647676808-3054417961-232110392-2849842855', '--use-host-proxy', '--without-browser-env-var', '--disable-websocket-compression', '--accept-server-license-terms', '--telemetry-level=all']",aman,5:1667388492.4893153
21020,0.006603894907701879,sh,1,0.0,"[0.0, 0.01, 0.0, 0.0, 0.0]","[1000, 1000, 1000]",S,"[0, 0, 0, 0, 1]",0,"[544768, 2674688, 475136, 77824, 0, 323584, 0]",,,,,,,,,pid,2.727147102355957,"['sh', '-c', '""$VSCODE_WSL_EXT_LOCATION/scripts/wslServer.sh"" d045a5eda657f4d7b676dedbfa7aab8207f8a075 stable code-server .vscode-server --host=127.0.0.1 --port=0 --connection-token=3647676808-3054417961-232110392-2849842855 --use-host-proxy --without-browser-env-var --disable-websocket-compression --accept-server-license-terms --telemetry-level=all']",aman,5:1667388492.4893153
21042,0.0013406403196086522,init,1,0.0,"[0.0, 0.12, 0.0, 0.0, 0.0]","[0, 0, 0]",S,"[0, 0, 0, 0, 0]",0,"[110592, 1871872, 0, 1003520, 0, 471040, 0]",,,,,,,,,pid,2.727147102355957,['/init'],root,5:1667388492.4893153
21076,0.0013406403196086522,init,1,0.0,"[0.01, 0.09, 0.0, 0.0, 0.0]","[0, 0, 0]",S,"[0, 0, 0, 0, 0]",0,"[110592, 1871872, 0, 1003520, 0, 471040, 0]",,,,,,,,,pid,2.727147102355957,['/init'],root,5:1667388492.4893153
21018,0.0011916802840965797,init,1,0.0,"[0.0, 0.0, 0.0, 0.0, 0.0]","[0, 0, 0]",S,"[0, 0, 0, 0, 0]",0,"[98304, 1859584, 0, 1003520, 0, 458752, 0]",,,,,,,,,pid,2.727147102355957,['/init'],root,5:1667388492.4893153
21019,0.0011916802840965797,init,1,0.0,"[0.0, 0.0, 0.0, 0.0, 0.0]","[0, 0, 0]",S,"[0, 0, 0, 0, 0]",0,"[98304, 1867776, 0, 1003520, 0, 466944, 0]",,,,,,,,,pid,2.727147102355957,['/init'],root,5:1667388492.4893153
21041,0.0011916802840965797,init,1,0.0,"[0.0, 0.0, 0.0, 0.0, 0.0]","[0, 0, 0]",S,"[0, 0, 0, 0, 0]",0,"[98304, 1871872, 0, 1003520, 0, 471040, 0]",,,,,,,,,pid,2.727147102355957,['/init'],root,5:1667388492.4893153
21074,0.0011916802840965797,init,1,0.0,"[0.0, 0.0, 0.0, 0.0, 0.0]","[0, 0, 0]",S,"[0, 0, 0, 0, 0]",0,"[98304, 1871872, 0, 1003520, 0, 471040, 0]",,,,,,,,,pid,2.727147102355957,['/init'],root,5:1667388492.4893153
2167,0.0011420269389258888,init,1,0.0,"[0.04, 1.14, 67.95, 2.69, 0.0]","[0, 0, 0]",S,"[0, 0, 0, 0, 0]",0,"[94208, 1855488, 0, 1003520, 0, 454656, 0]",,,,,,,,,pid,2.727147102355957,['/init'],root,5:1667388492.4893153
31257,0.0011420269389258888,init,1,0.0,"[0.02, 0.0, 0.0, 0.0, 0.0]","[0, 0, 0]",S,"[0, 0, 0, 0, 0]",0,"[94208, 1855488, 0, 1003520, 0, 454656, 0]",,,,,,,,,pid,2.727147102355957,['/init'],root,5:1667388492.4893153
2166,0.0010427202485845072,init,1,0.0,"[0.0, 0.0, 0.0, 0.0, 0.0]","[0, 0, 0]",S,"[0, 0, 0, 0, 0]",0,"[86016, 1855488, 0, 1003520, 0, 454656, 0]",,,,,,,,,pid,2.727147102355957,['/init'],root,5:1667388492.4893153
31256,0.0010427202485845072,init,1,0.0,"[0.0, 0.0, 0.0, 0.0, 0.0]","[0, 0, 0]",S,"[0, 0, 0, 0, 0]",0,"[86016, 1855488, 0, 1003520, 0, 454656, 0]",,,,,,,,,pid,2.727147102355957,['/init'],root,5:1667388492.4893153
